# MySQL 8.0 - Reference Manual Chapter 3 Tutorial
https://dev.mysql.com/doc/refman/8.0/en/tutorial.html

Table of Contents

3.1 Connecting to and Disconnecting from the Server
3.2 Entering Queries
3.3 Creating and Using a Database
-- 3.3.1 Creating and Selecting a Database
-- 3.3.2 Creating a Table
-- 3.3.3 Loading Data into a Table
-- 3.3.4 Retrieving Information from a Table
-- -- 3.3.4.1 Selecting All Data
-- -- 3.3.4.2 Selecting Particular Rows
-- -- 3.3.4.3 Selecting Particular Columns
-- -- 3.3.4.4 Sorting Rows*
-- -- 3.3.4.5 Date Calculations
-- -- 3.3.4.6 Working with NULL Values
-- -- 3.3.4.7 Pattern Matching
-- -- 3.3.4.8 Counting Rows
-- -- 3.3.4.9 Using More Than one Table
3.4 Getting Information About Databases and Tables
3.5 Using mysql in Batch Mode
3.6 Examples of Common Queries 
https://dev.mysql.com/doc/refman/8.0/en/examples.html

mysql> CREATE TABLE shop (
    -> article INT UNSIGNED DEFAULT '0000' NOT NULL,
    -> dealer CHAR(20) DEFAULT ' ' NOT NULL,
    -> price DECIMAL(16,2) DEFAULT '0.00' NOT NULL,
    -> PRIMARY KEY (article, dealer));
Query OK, 0 rows affected (0.01 sec)

mysql> DESCRIBE shop;
+---------+---------------+------+-----+---------+-------+
| Field   | Type          | Null | Key | Default | Extra |
+---------+---------------+------+-----+---------+-------+
| article | int unsigned  | NO   | PRI | 0       |       |
| dealer  | char(20)      | NO   | PRI |         |       |
| price   | decimal(16,2) | NO   |     | 0.00    |       |
+---------+---------------+------+-----+---------+-------+
3 rows in set (0.01 sec)

mysql> LOAD DATA LOCAL INFILE '/Users/danielscavongelli/Desktop/shop.txt' INTO TABLE shop;
Query OK, 7 rows affected (0.00 sec)
Records: 7  Deleted: 0  Skipped: 0  Warnings: 0

mysql> SELECT * FROM shop ORDER BY article;
+---------+--------+-------+
| article | dealer | price |
+---------+--------+-------+
|       1 | A      |  3.45 |
|       1 | B      |  3.99 |
|       2 | A      | 10.99 |
|       3 | B      |  1.45 |
|       3 | C      |  1.69 |
|       3 | D      |  1.25 |
|       4 | D      | 19.95 |
+---------+--------+-------+
7 rows in set (0.00 sec)






-- 3.6.1 The Maximum Value for a Column 
https://dev.mysql.com/doc/refman/8.0/en/example-maximum-column.html

mysql> SELECT MAX(article) AS article FROM SHOP;
+---------+
| article |
+---------+
|       4 |
+---------+
1 row in set (0.01 sec)






-- 3.6.2 The Row Holding the Maximum of a Certain Column 
https://dev.mysql.com/doc/refman/8.0/en/example-maximum-row.html
Task: Find the number, dealer, and price of the most expensive article.

mysql> SELECT article, dealer, price
    -> FROM shop
    -> WHERE price = (SELECT MAX(price) FROM shop);
+---------+--------+-------+
| article | dealer | price |
+---------+--------+-------+
|       4 | D      | 19.95 |
+---------+--------+-------+
1 row in set (0.01 sec)

mysql> SELECT s1.article, s1.dealer, s1.price
    -> FROM shop s1
    -> LEFT JOIN shop s2 ON s1.price < s2.price
    -> WHERE s2.article IS NULL;
+---------+--------+-------+
| article | dealer | price |
+---------+--------+-------+
|       4 | D      | 19.95 |
+---------+--------+-------+
1 row in set (0.00 sec)

mysql> SELECT article, dealer, price
    -> FROM shop
    -> ORDER BY price DESC
    -> LIMIT 1;
+---------+--------+-------+
| article | dealer | price |
+---------+--------+-------+
|       4 | D      | 19.95 |
+---------+--------+-------+
1 row in set (0.00 sec)






-- 3.6.3 Maximum of Column per Group 
https://dev.mysql.com/doc/refman/8.0/en/example-maximum-column-group.html
Task: Find the highest price per article.

mysql> SELECT article, MAX(price) AS price
    -> FROM shop
    -> GROUP BY article
    -> ORDER BY article;
+---------+------------+
| article | price      |
+---------+------------+
|       1 |       3.99 |
|       2 |      10.99 |
|       3 |       1.69 |
|       4 |      19.95 |
+---------+------------+
4 rows in set (0.00 sec)






-- 3.6.4 The Rows Holding the Group-wise Maximum of a Certain Column 
https://dev.mysql.com/doc/refman/8.0/en/example-maximum-column-group-row.html
 Task: For each article, find the dealer or dealers with the most expensive price. 
 
 subquery method:
 
 mysql> SELECT article, dealer, price
    -> FROM shop s1
    -> WHERE price=(SELECT MAX(s2.price)
    ->   FROM shop s2
    ->   WHERE s1.article = S2.article)
    -> ORDER BY article;
+---------+--------+-------+
| article | dealer | price |
+---------+--------+-------+
|       1 | B      |  3.99 |
|       2 | A      | 10.99 |
|       3 | C      |  1.69 |
|       4 | D      | 19.95 |
+---------+--------+-------+
4 rows in set (0.00 sec)
 
uncorrelated subquery in the FROM clause method:

 mysql> SELECT s1.article, dealer, s1.price
    -> FROM shop s1
    -> JOIN (
    ->   SELECT article, MAX(price) AS price
    ->   FROM shop
    ->   GROUP BY article) AS s2
    ->   ON s1.article = s2.article AND s1.price = s2.price
    -> ORDER BY article;
+---------+--------+-------+
| article | dealer | price |
+---------+--------+-------+
|       1 | B      |  3.99 |
|       2 | A      | 10.99 |
|       3 | C      |  1.69 |
|       4 | D      | 19.95 |
+---------+--------+-------+
4 rows in set (0.00 sec)

left join method:

mysql> SELECT s1.article, s1.dealer, s1.price
    -> FROM shop s1
    -> LEFT JOIN shop s2 ON s1.article = s2.article AND s1.price < s2.price
    -> WHERE s2.article IS NULL
    -> ORDER BY s1.article;
+---------+--------+-------+
| article | dealer | price |
+---------+--------+-------+
|       1 | B      |  3.99 |
|       2 | A      | 10.99 |
|       3 | C      |  1.69 |
|       4 | D      | 19.95 |
+---------+--------+-------+
4 rows in set (0.00 sec)

common table expression with a window function method:

mysql> WITH s1 AS (
    ->    SELECT article, dealer, price,
    ->           RANK() OVER (PARTITION BY article
    ->                            ORDER BY price DESC
    ->                       ) AS `Rank`
    ->      FROM shop
    -> )
    -> SELECT article, dealer, price
    ->   FROM s1
    ->   WHERE `Rank` = 1
    -> ORDER BY article;
+---------+--------+-------+
| article | dealer | price |
+---------+--------+-------+
|       1 | B      |  3.99 |
|       2 | A      | 10.99 |
|       3 | C      |  1.69 |
|       4 | D      | 19.95 |
+---------+--------+-------+
4 rows in set (0.00 sec)






-- 3.6.5 Using User-Defined Variables 
https://dev.mysql.com/doc/refman/8.0/en/example-user-variables.html
Task: find the articles with the highest and lowest price 







-- 3.6.6 Using Foreign Keys 
-- 3.6.7 Searching on Two Keys 
-- 3.6.8 Calculating Visits Per Day 
-- 3.6.9 Using AUTO_INCREMENT 
